{
  "two_tower": {
    "test_mse": 0.03426491841673851,
    "test_mae": 0.15696629881858826,
    "test_r2": 0.25471365451812744,
    "test_spearman": 0.4290095958275228,
    "best_val_mse": 0.036862727254629135
  },
  "baselines": {
    "cosine": {
      "test_mse": 0.045726679265499115,
      "test_mae": 0.1848159283399582,
      "test_r2": 0.0007028579711914062,
      "test_spearman": 0.018742987718105005
    },
    "linear": {
      "test_mse": 0.035034555941820145,
      "test_mae": 0.15815581381320953,
      "test_r2": 0.23393583297729492,
      "test_spearman": 0.4053816379355743
    },
    "gbm": {
      "test_mse": 0.03376726076761852,
      "test_mae": 0.15441325986619048,
      "test_r2": 0.26188375933096975,
      "test_spearman": 0.44727588632456994
    }
  }
}