{
  "two_tower": {
    "test_mse": 0.03560628369450569,
    "test_mae": 0.1602264791727066,
    "test_r2": 0.23501771688461304,
    "test_spearman": 0.41318501595988066,
    "best_val_mse": 0.038147248327732086
  },
  "baselines": {
    "cosine": {
      "test_mse": 0.04630284383893013,
      "test_mae": 0.1845363825559616,
      "test_r2": 0.0005578398704528809,
      "test_spearman": 0.012397101753029351
    },
    "linear": {
      "test_mse": 0.03618327155709267,
      "test_mae": 0.16125941276550293,
      "test_r2": 0.21861058473587036,
      "test_spearman": 0.39622481585830976
    },
    "gbm": {
      "test_mse": 0.03503029043173292,
      "test_mae": 0.157605799934609,
      "test_r2": 0.24392778999822684,
      "test_spearman": 0.43444356851270655
    }
  }
}