{
  "two_tower": {
    "test_mse": 0.03673495352268219,
    "test_mae": 0.1598958820104599,
    "test_r2": 0.12220257520675659,
    "test_spearman": 0.3702095888002501,
    "best_val_mse": 0.04300445690751076
  },
  "baselines": {
    "cosine": {
      "test_mse": 0.04179365932941437,
      "test_mae": 0.172748401761055,
      "test_r2": 8.0108642578125e-05,
      "test_spearman": 0.008040468102565911
    },
    "linear": {
      "test_mse": 0.03659148886799812,
      "test_mae": 0.1604871153831482,
      "test_r2": 0.12719428539276123,
      "test_spearman": 0.3531328004847207
    },
    "gbm": {
      "test_mse": 0.038299703520384656,
      "test_mae": 0.1673100282882935,
      "test_r2": 0.08827030396493041,
      "test_spearman": 0.3249312205867586
    }
  }
}