{
  "two_tower": {
    "test_mse": 0.04191621020436287,
    "test_mae": 0.17687314748764038,
    "test_r2": 0.14858168363571167,
    "test_spearman": 0.33809642529221867,
    "best_val_mse": 0.043383557349443436
  },
  "baselines": {
    "cosine": {
      "test_mse": 0.0490582175552845,
      "test_mae": 0.1958099901676178,
      "test_r2": -0.00044977664947509766,
      "test_spearman": -0.049391768318779505
    },
    "linear": {
      "test_mse": 0.04176444187760353,
      "test_mae": 0.17611156404018402,
      "test_r2": 0.1456688642501831,
      "test_spearman": 0.3491560811108906
    },
    "gbm": {
      "test_mse": 0.04032581753669468,
      "test_mae": 0.16944984944968533,
      "test_r2": 0.17520700271304135,
      "test_spearman": 0.40674610322192667
    }
  }
}