{
  "two_tower": {
    "test_mse": 0.03658721596002579,
    "test_mae": 0.15872801840305328,
    "test_r2": 0.25713568925857544,
    "test_spearman": 0.5171459725064136,
    "best_val_mse": 0.038662783801555634
  },
  "baselines": {
    "cosine": {
      "test_mse": 0.0491599477827549,
      "test_mae": 0.18776416778564453,
      "test_r2": -8.821487426757812e-05,
      "test_spearman": -0.006398077936862331
    },
    "linear": {
      "test_mse": 0.036701500415802,
      "test_mae": 0.15758779644966125,
      "test_r2": 0.25371700525283813,
      "test_spearman": 0.5114691817830891
    },
    "gbm": {
      "test_mse": 0.03514398737290724,
      "test_mae": 0.15402146287011306,
      "test_r2": 0.2842785020673241,
      "test_spearman": 0.5326836248367789
    }
  }
}