{
  "two_tower": {
    "test_mse": 0.03592297434806824,
    "test_mae": 0.1575646698474884,
    "test_r2": 0.26939982175827026,
    "test_spearman": 0.5329577072376953,
    "best_val_mse": 0.0389476977288723
  },
  "baselines": {
    "cosine": {
      "test_mse": 0.04932071268558502,
      "test_mae": 0.18832094967365265,
      "test_r2": -0.00322723388671875,
      "test_spearman": -0.06786925833685076
    },
    "linear": {
      "test_mse": 0.03675129637122154,
      "test_mae": 0.15824121236801147,
      "test_r2": 0.2527819275856018,
      "test_spearman": 0.5182879273984411
    },
    "gbm": {
      "test_mse": 0.03690816426794854,
      "test_mae": 0.1597536121091502,
      "test_r2": 0.24894546893437208,
      "test_spearman": 0.4997291506099223
    }
  }
}